,Pred Path,Pred Image,Pred Number,Image Date,Image Time,Area (km^2),Centroid Lat,Centroid Long,Aspect Ratio
0,N1767239082_1.png,N1767239082,1,2014-01-01,02:46:38,2547.02,38.15442528,133.7949623,0.913
1,N1767257250_1.png,N1767257250,1,2014-01-01,07:49:25,1396.18,47.28216942,133.2666867,0.917
2,N1767257410_1.png,N1767257410,1,2014-01-01,07:52:05,1361.28,47.5762307,133.0165581,0.913
3,N1767257570_1.png,N1767257570,1,2014-01-01,07:52:05,1436.03,47.65828269,133.2692228,0.958
4,N1767258133_1.png,N1767258133,1,2014-01-01,08:04:08,1100.59,10.7574967,108.008651,1
5,N1767258253_1.png,N1767258253,1,2014-01-01,08:05:58,1153.05,10.2865887,108.026417,0.955
6,N1767258445_1.png,N1767258445,1,2014-01-01,08:09:10,1181.21,11.1260973,108.0087798,0.955
7,N1767258913_1.png,N1767258913,1,2014-01-01,08:17:08,584.9,52.23372928,108.1898767,0.955
8,N1767259017_1.png,N1767259017,1,2014-01-01,08:18:30,594.7,52.41052221,107.8901929,0.955
9,N1767259209_1.png,N1767259209,1,2014-01-01,08:21:42,602.05,52.59200653,107.9886734,0.955
10,N1767260473_1.png,N1767260473,1,2014-01-01,08:43:16,2199.98,59.40413806,187.9787397,0.875
11,N1767260561_1.png,N1767260561,1,2014-01-01,08:44:36,2167.34,59.40292855,187.8387915,0.875
12,N1767260721_1.png,N1767260721,1,2014-01-01,08:47:16,2308.38,59.53797442,188.3483423,0.875
13,N1767261237_1.png,N1767261237,1,2014-01-01,08:56:06,1155.27,41.61436169,147.7732404,0.913
14,N1767261325_1.png,N1767261325,1,2014-01-01,08:57:20,1324.55,41.51014314,147.6144181,1
15,N1767261485_1.png,N1767261485,1,2014-01-01,09:00:00,1237.14,41.75680759,147.5396014,0.957
16,N1767262001_1.png,N1767262001,1,2014-01-01,09:08:50,3153.9,5.360478541,135.4021489,0.87
17,N1856463699_1.png,N1856463699,1,2016-10-29,19:14:13,44648.75,53.95167489,31.42425803,0.475
18,N1856463809_1.png,N1856463809,1,2016-10-29,19:16:03,51392,54.37880229,31.44544886,0.426
19,N1856464789_1.png,N1856464789,1,2016-10-29,19:32:23,43059.72,53.5368274,29.18675591,0.474
20,N1856464899_1.png,N1856464899,1,2016-10-29,19:34:13,40483.32,53.9159123,28.88883948,0.472
21,N1856465009_1.png,N1856465009,1,2016-10-29,19:36:03,42112.73,53.59139255,27.89356033,0.486
22,N1856465989_1.png,N1856465989,1,2016-10-29,19:52:23,39147.85,54.20831787,29.25172097,0.5
23,N1861832564_1.png,N1861832564,1,2016-12-30,22:34:43,217877.05,51.52693774,47.35703514,4.865
24,N1861834144_1.png,N1861834144,1,2016-12-30,23:01:03,244998.03,52.37091656,43.16791925,5.075
25,N1861834254_1.png,N1861834254,1,2016-12-30,23:02:53,231525.39,51.57128768,44.38806835,5.16
26,N1861834364_1.png,N1861834364,1,2016-12-30,23:04:43,227783.89,51.60224317,45.61220617,5.02
27,N1861835944_1.png,N1861835944,1,2016-12-30,23:31:03,221962.36,52.0166918,45.79772764,5.098
28,N1861836054_1.png,N1861836054,1,2016-12-30,23:32:53,223476.81,52.02985358,45.24073547,5.167
29,N1861846968_1.png,N1861846968,1,2016-12-31,02:34:53,178032.89,51.51189129,44.74878924,4.982
30,N1861847040_1.png,N1861847040,1,2016-12-31,02:35:59,156265.32,50.89095658,45.36021204,5.255
31,N1861847150_1.png,N1861847150,1,2016-12-31,02:37:49,166007.64,51.78461582,43.44012717,4.981
32,N1861904064_1.png,N1861904064,1,2016-12-31,18:26:23,40327.32,52.81739623,74.29937389,1.827
33,N1861904224_1.png,N1861904224,1,2016-12-31,18:29:03,39517.17,53.1211459,73.18227353,1.737
34,N1861904384_1.png,N1861904384,1,2016-12-31,18:31:43,39758.96,52.8452514,74.13948863,1.773
35,N1861905864_1.png,N1861905864,1,2016-12-31,18:56:23,52970.28,53.29724489,73.18325377,1.532
36,N1861905974_1.png,N1861905974,1,2016-12-31,18:58:13,56810.42,53.92135041,71.02227802,1.574
37,N1861906084_1.png,N1861906084,1,2016-12-31,19:00:03,60409.74,54.69662408,74.75971361,1.645
38,N1861919044_1.png,N1861919044,1,2016-12-31,22:36:03,129089.19,52.63233056,52.43379887,0.448
39,N1861919204_1.png,N1861919204,1,2016-12-31,22:38:43,130745.82,52.54493003,53.08014193,0.458
40,N1861920684_1.png,N1861920684,1,2016-12-31,23:03:23,150330.41,52.97785766,49.18424199,0.396
41,N1861920844_1.png,N1861920844,1,2016-12-31,23:06:03,145007.06,52.87332241,51.36301352,0.402
42,N1861921004_1.png,N1861921004,1,2016-12-31,23:08:43,135183.29,52.28046907,53.28902832,0.389
43,N1867386816_1.png,N1867386816,1,2017-03-05,05:24:51,7348.22,49.28214126,57.18046264,2.4
44,N1867434661_1.png,N1867434661,1,2017-03-05,18:42:23,737125.29,49.7184979,2.147006067,0.385
45,N1867434771_1.png,N1867434771,1,2017-03-05,18:44:13,811421.13,49.88015158,1.874046266,0.386
46,N1867434865_1.png,N1867434865,1,2017-03-05,18:45:53,1370712.71,50.05828169,0.7494148413,0.427
47,N1867434865_2.png,N1867434865,2,2017-03-05,18:45:53,913835.52,49.81132824,2.230202997,0.23
48,N1867435661_1.png,N1867435661,1,2017-03-05,18:59:03,21677.47,49.52869677,334.6913685,1.113
49,N1867435661_2.png,N1867435661,2,2017-03-05,18:59:03,26424.64,49.72429599,334.0938354,0.948
50,N1867436221_1.png,N1867436221,1,2017-03-05,19:08:15,109194.97,55.47819891,119.781389,3.451
51,N1867436331_1.png,N1867436331,1,2017-03-05,19:10:05,121378.18,55.68839816,121.4897233,3.622
52,N1867436441_1.png,N1867436441,1,2017-03-05,19:12:03,106437.23,55.36484863,119.310879,3.525
53,N1867437001_1.png,N1867437001,1,2017-03-05,19:21:15,712767.64,50.13534982,1.934211749,0.515
54,N1867437001_2.png,N1867437001,2,2017-03-05,19:21:15,67707.79,53.95598059,113.6894173,2.987
55,N1867437145_1.png,N1867437145,1,2017-03-05,19:23:53,1256853.24,49.88175329,1.064755553,0.474
56,N1867437145_2.png,N1867437145,2,2017-03-05,19:23:53,51251.73,53.38936513,113.7289025,3.088
57,N1867437217_1.png,N1867437217,1,2017-03-05,19:25:05,1170439.39,49.79410444,1.237786342,0.479
58,N1867437217_2.png,N1867437217,2,2017-03-06,19:25:05,70825.89,53.85527344,114.6741284,2.924
59,N1867438801_1.png,N1867438801,1,2017-03-05,19:51:15,684194.59,50.01749977,2.054883088,0.526
60,N1867438801_2.png,N1867438801,2,2017-03-05,19:51:15,61824.81,53.74948375,111.5925675,2.783
61,N1867438945_1.png,N1867438945,1,2017-03-05,19:53:53,63263.57,53.97400433,111.2183711,2.558
62,N1867438945_2.png,N1867438945,2,2017-03-05,19:53:53,1220748.06,49.90582692,1.134092425,0.53
63,N1867439017_1.png,N1867439017,1,2017-03-05,19:55:05,1252010.13,49.9558614,1.26079257,0.514
64,N1867439017_2.png,N1867439017,2,2017-03-05,19:55:05,61771.6,53.66780916,108.9739746,2.368
65,N1867440601_1.png,N1867440601,1,2017-03-05,20:21:15,736384.75,49.51740977,1.446396317,0.565
66,N1867440601_2.png,N1867440601,2,2017-03-05,20:21:15,62063.69,54.45037979,108.5299909,2.286
67,N1867440745_1.png,N1867440745,1,2017-03-05,20:23:53,1255952.29,49.73292364,0.8531975605,0.567
68,N1867440745_2.png,N1867440745,2,2017-03-05,20:23:53,74732.81,53.86786078,113.4047492,2.23
69,N1867440817_1.png,N1867440817,1,2017-03-05,20:25:05,1343515.79,49.86113619,0.9513395652,0.529
70,N1867440817_2.png,N1867440817,2,2017-03-05,20:25:05,68683.53,53.81961032,108.7232182,2.163
71,N1867442401_1.png,N1867442401,1,2017-03-05,20:51:15,798347.34,49.87132715,0.8344428817,0.613
72,N1867442401_2.png,N1867442401,2,2017-03-05,20:51:15,40294.11,53.33689662,103.212459,1.854
73,N1867442545_1.png,N1867442545,1,2017-03-05,20:53:53,1385605.53,50.3540299,0.6905152595,0.621
74,N1867442545_2.png,N1867442545,2,2017-03-05,20:53:53,52701.08,53.0672028,106.2961059,1.894
75,N1867442617_1.png,N1867442617,1,2017-03-05,20:55:05,1421159.99,49.87883762,0.6980428971,0.617
76,N1867442617_2.png,N1867442617,2,2017-03-05,20:55:05,59895.4,54.27141558,104.2254385,2.028
77,N1868778789_1.png,N1868778789,1,2017-03-21,08:04:15,202437.71,56.85810618,67.5141898,0.738
78,N1868778899_1.png,N1868778899,1,2017-03-21,08:06:05,211978,56.8823028,67.68120568,0.734
79,N1868779009_1.png,N1868779009,1,2017-03-21,08:07:55,201045.94,56.87432623,70.30247578,0.711
80,N1868780959_1.png,N1868780959,1,2017-03-21,08:40:25,224668.84,56.67476233,60.35165569,0.836
81,N1868781069_1.png,N1868781069,1,2017-03-21,08:42:15,224031.13,56.57555994,60.23644343,0.824
82,N1872828767_1.png,N1872828767,1,2017-05-07,05:03:27,621232.59,58.29598045,18.95072319,0.325
83,N1872828767_2.png,N1872828767,2,2017-05-07,05:03:27,90544.3,37.72039462,39.76797123,0.162
84,N1872828767_3.png,N1872828767,3,2017-05-07,05:03:27,133260.69,48.95955292,49.3660818,0.314
85,N1872828767_4.png,N1872828767,4,2017-05-07,05:03:27,192025.99,52.12862986,43.58956052,0.311
86,N1872828767_5.png,N1872828767,5,2017-05-07,05:03:27,96391.4,48.34830813,45.8178497,0.232
87,N1872828927_1.png,N1872828927,1,2017-05-07,05:06:07,634853.11,58.085194,18.38354028,0.318
88,N1872828927_2.png,N1872828927,2,2017-05-07,05:06:07,126083.58,48.55567736,49.8833803,0.317
89,N1872828927_3.png,N1872828927,3,2017-05-07,05:06:07,92082.91,37.66300299,40.73784747,0.164
90,N1872828927_4.png,N1872828927,4,2017-05-07,05:06:07,170707.37,50.97632058,46.236964,0.325
91,N1872828927_5.png,N1872828927,5,2017-05-07,05:06:07,95158.68,48.12967727,46.37810004,0.23
92,N1872829087_1.png,N1872829087,1,2017-05-07,05:08:47,734995.92,57.66195134,16.34790886,0.333
93,N1872829087_2.png,N1872829087,2,2017-05-07,05:08:47,134460.93,48.62787178,48.64470955,0.307
94,N1872829087_3.png,N1872829087,3,2017-05-07,05:08:47,92860.94,37.57325534,40.81893873,0.168
95,N1872829087_4.png,N1872829087,4,2017-05-07,05:08:47,205265.26,54.30907015,42.36894084,0.281
96,N1872830567_1.png,N1872830567,1,2017-05-07,05:33:27,681380.43,57.98424285,17.40140173,0.321
97,N1872830567_2.png,N1872830567,2,2017-05-07,05:33:27,130531.21,48.3047727,47.81673076,0.311
98,N1872830567_3.png,N1872830567,3,2017-05-07,05:33:27,116933.18,37.49315116,40.0055961,0.132
99,N1872830567_4.png,N1872830567,4,2017-05-07,05:33:27,144767.02,49.57994992,47.38103987,0.345
100,N1872830727_1.png,N1872830727,1,2017-05-07,05:36:07,295564.81,57.51088572,37.22339549,0.33
101,N1872830727_2.png,N1872830727,2,2017-05-07,05:36:07,137071.03,48.11354011,47.77928267,0.317
102,N1872830727_3.png,N1872830727,3,2017-05-07,05:36:07,116710.6,37.00990037,39.74109991,0.129
103,N1872830727_4.png,N1872830727,4,2017-05-07,05:36:07,143726.96,49.14807735,47.86555551,0.335
104,N1872830887_1.png,N1872830887,1,2017-05-07,05:38:47,689320.84,58.3739261,17.47706898,0.317
105,N1872830887_2.png,N1872830887,2,2017-05-07,05:38:47,128230.79,37.91476556,39.79372352,0.138
106,N1872830887_3.png,N1872830887,3,2017-05-07,05:38:47,134278.56,48.88570306,47.82804185,0.325
107,N1872830887_4.png,N1872830887,4,2017-05-07,05:38:47,153754.92,50.36883038,47.11855385,0.354
108,N1872832367_1.png,N1872832367,1,2017-05-07,06:03:27,742293.1,57.53418154,15.84686341,0.315
109,N1872832367_2.png,N1872832367,2,2017-05-07,06:03:27,138542.66,37.3154765,38.31916343,0.124
110,N1872832367_3.png,N1872832367,3,2017-05-07,06:03:27,120068.23,47.88496691,44.66773044,0.245
111,N1872832367_4.png,N1872832367,4,2017-05-07,06:03:27,93917.36,47.5913896,42.31442755,0.18
112,N1872832527_1.png,N1872832527,1,2017-05-07,06:06:07,897117.62,58.01672754,13.56622815,0.313
113,N1872832527_2.png,N1872832527,2,2017-05-07,06:06:07,130585.38,48.70366927,46.27236229,0.285
114,N1872832527_3.png,N1872832527,3,2017-05-07,06:06:07,148004.61,37.78626982,38.12273212,0.126
115,N1872832527_4.png,N1872832527,4,2017-05-07,06:06:07,89855.84,48.27238367,41.77894947,0.151
116,N1872832687_1.png,N1872832687,1,2017-05-07,06:08:47,901212.96,58.03649141,13.40941028,0.309
117,N1872832687_2.png,N1872832687,2,2017-05-07,06:08:47,142663.64,37.67476453,38.2668119,0.126
118,N1872832687_3.png,N1872832687,3,2017-05-07,06:08:47,129245.81,48.4837088,45.62955749,0.298
119,N1872832687_4.png,N1872832687,4,2017-05-07,06:08:47,96541.76,48.07672087,42.73746366,0.176
120,N1872834167_1.png,N1872834167,1,2017-05-07,06:33:27,841601.54,58.04556636,14.53834319,0.301
121,N1872834167_2.png,N1872834167,2,2017-05-07,06:33:27,113837.22,48.22172641,44.42683501,0.247
122,N1872834167_3.png,N1872834167,3,2017-05-07,06:33:27,135764.75,37.80265595,36.66010378,0.099
123,N1872834327_1.png,N1872834327,1,2017-05-07,06:36:07,829936.52,58.01852006,14.61903895,0.295
124,N1872834327_2.png,N1872834327,2,2017-05-07,06:36:07,159494.72,37.65144025,36.44467241,0.118
125,N1872834327_3.png,N1872834327,3,2017-05-07,06:36:07,117767.35,48.13618079,43.39051468,0.239
126,N1872834487_1.png,N1872834487,1,2017-05-07,06:38:47,914176.51,58.11038893,13.46842261,0.303
127,N1872834487_2.png,N1872834487,2,2017-05-07,06:38:47,156061.12,37.77514193,37.9452544,0.124
128,N1872834487_3.png,N1872834487,3,2017-05-07,06:38:47,120376.67,48.2798736,44.05240276,0.248
129,N1872835967_1.png,N1872835967,1,2017-05-07,07:03:27,1065998.39,58.22187553,11.39800504,0.282
130,N1872835967_2.png,N1872835967,2,2017-05-07,07:03:27,126377.95,48.60438898,44.21893529,0.261
131,N1872835967_3.png,N1872835967,3,2017-05-07,07:03:27,171374.75,38.06912834,36.85690567,0.116
132,N1872835967_4.png,N1872835967,4,2017-05-07,07:03:27,96443.57,48.30417969,41.64725572,0.152
133,N1872836127_1.png,N1872836127,1,2017-05-07,07:06:07,840306.43,57.93007652,14.68654646,0.292
134,N1872836127_2.png,N1872836127,2,2017-05-07,07:06:07,177794.25,37.57315076,36.51886469,0.122
135,N1872836127_3.png,N1872836127,3,2017-05-07,07:06:07,134059.75,48.13734875,43.30586464,0.28
136,N1872836287_1.png,N1872836287,1,2017-05-07,07:08:47,837339.99,58.03757596,14.29576642,0.286
137,N1872836287_2.png,N1872836287,2,2017-05-07,07:08:47,166774.5,37.55812332,36.81737419,0.103
138,N1872836287_3.png,N1872836287,3,2017-05-07,07:08:47,118290.9,47.89300209,44.13741467,0.252
139,N1872837751_1.png,N1872837751,1,2017-05-07,07:33:11,1131750.61,58.22710658,10.40637043,0.285
140,N1872837751_2.png,N1872837751,2,2017-05-07,07:33:11,181105.91,37.75478519,35.99613621,0.102
141,N1872837751_3.png,N1872837751,3,2017-05-07,07:33:11,130639.43,48.06205712,43.31693715,0.244
142,N1872837751_4.png,N1872837751,4,2017-05-07,07:33:11,138903.59,48.24922817,45.07440704,0.302
143,N1872837911_1.png,N1872837911,1,2017-05-07,07:35:51,1091364.89,58.40008435,10.81934085,0.276
144,N1872837911_2.png,N1872837911,2,2017-05-07,07:35:51,180311.13,38.04182017,36.29047251,0.105
145,N1872837911_3.png,N1872837911,3,2017-05-07,07:35:51,141222.18,48.4845219,43.88878707,0.221
146,N1872837911_4.png,N1872837911,4,2017-05-07,07:35:51,113780.6,48.37736426,43.13179143,0.191
147,N1872838071_1.png,N1872838071,1,2017-05-07,07:38:31,1267824.3,58.09046313,9.798980414,0.268
148,N1872838071_2.png,N1872838071,2,2017-05-07,07:38:31,146038.75,47.97628796,44.32246092,0.229
149,N1872838071_3.png,N1872838071,3,2017-05-07,07:38:31,175067.56,37.60316473,36.0318292,0.108
150,N1872838071_4.png,N1872838071,4,2017-05-07,07:38:31,143196.61,48.03516441,45.56726408,0.222
151,N1872838995_1.png,N1872838995,1,2017-05-07,07:54:03,991165.15,58.79283963,11.88095777,0.253
152,N1872839105_1.png,N1872839105,1,2017-05-07,07:55:53,992490.33,58.4823988,11.68211628,0.244
153,N1872839215_1.png,N1872839215,1,2017-05-07,07:57:43,930324.62,58.81137851,12.51842822,0.251
154,N1872846751_1.png,N1872846751,1,2017-05-07,10:03:11,1489514.07,58.18527247,7.565534749,0.209
155,N1872846751_2.png,N1872846751,2,2017-05-07,10:03:11,135281.27,48.62797358,52.38052629,0.296
156,N1872846751_3.png,N1872846751,3,2017-05-07,10:03:11,160768.38,38.29189692,27.58404951,0.119
157,N1872846751_4.png,N1872846751,4,2017-05-07,10:03:11,134094.5,48.46829085,49.12873319,0.201
158,N1872846911_1.png,N1872846911,1,2017-05-07,10:05:51,1530696.51,58.11373762,7.177971899,0.214
159,N1872846911_2.png,N1872846911,2,2017-05-07,10:05:51,131883.84,48.78850871,52.56198592,0.288
160,N1872846911_3.png,N1872846911,3,2017-05-07,10:05:51,164401.31,38.36176172,28.42274631,0.113
161,N1872846911_4.png,N1872846911,4,2017-05-07,10:05:51,139855.27,48.51449863,48.83216942,0.187
162,N1872847071_1.png,N1872847071,1,2017-05-07,10:08:31,1389732.7,58.00467163,8.438839502,0.213
163,N1872847071_2.png,N1872847071,2,2017-05-07,10:08:31,135562.31,48.35790661,52.80519656,0.299
164,N1872847071_3.png,N1872847071,3,2017-05-07,10:08:31,143392.25,37.95042028,24.14656164,0.15
165,N1872847071_4.png,N1872847071,4,2017-05-07,10:08:31,140180.4,48.24314686,49.12348491,0.185
166,N1872848551_1.png,N1872848551,1,2017-05-07,10:33:19,1318607.56,58.83966125,8.835455462,0.211
167,N1872848551_2.png,N1872848551,2,2017-05-07,10:33:19,126614.35,38.07659093,21.35260783,0.207
168,N1872848551_3.png,N1872848551,3,2017-05-07,10:33:19,127747.22,48.68255533,51.50293348,0.264
169,N1872848711_1.png,N1872848711,1,2017-05-07,10:35:59,1376880.73,58.38525055,8.548969418,0.217
170,N1872848711_2.png,N1872848711,2,2017-05-07,10:35:59,128910.99,37.81459142,20.68404381,0.215
171,N1872848711_3.png,N1872848711,3,2017-05-07,10:35:59,120361.22,48.44283893,53.64864688,0.267
172,N1872848871_1.png,N1872848871,1,2017-05-07,10:38:39,1318174.55,58.30029325,9.02943256,0.215
173,N1872848871_2.png,N1872848871,2,2017-05-07,10:38:39,120137.61,48.33952952,53.55535272,0.272
174,N1872848871_3.png,N1872848871,3,2017-05-07,10:38:39,136462.91,37.52423016,20.51010774,0.227
175,N1872848871_4.png,N1872848871,4,2017-05-07,10:38:39,128073.82,48.01259569,50.5810174,0.19
176,N1872848871_5.png,N1872848871,5,2017-05-07,10:38:39,1281035.47,58.30029325,9.02943256,0.295
177,N1872850351_1.png,N1872850351,1,2017-05-07,11:03:19,1291530.62,58.84517515,9.11964803,0.211
178,N1872850351_2.png,N1872850351,2,2017-05-07,11:03:19,144962.72,37.9386995,18.87783272,0.264
179,N1872850351_3.png,N1872850351,3,2017-05-07,11:03:19,122765.57,48.62321343,53.69600097,0.264
180,N1872850351_4.png,N1872850351,4,2017-05-07,11:03:19,108283.78,32.55185221,65.40864579,0.4
181,N1872850351_5.png,N1872850351,5,2017-05-07,11:03:19,1170767.18,58.39442966,12.93991149,0.305
182,N1872850511_1.png,N1872850511,1,2017-05-07,11:05:59,1324773.19,58.71999259,8.969845154,0.201
183,N1872850511_2.png,N1872850511,2,2017-05-07,11:05:59,145573.64,37.78287909,18.28550066,0.259
184,N1872850511_3.png,N1872850511,3,2017-05-07,11:05:59,124010.29,48.69381203,53.93769666,0.271
185,N1872850511_4.png,N1872850511,4,2017-05-07,11:05:59,118243.5,32.93400214,62.66747003,0.357
186,N1872850671_1.png,N1872850671,1,2017-05-07,11:05:59,1480792.28,58.40579601,8.38386945,0.2
187,N1872850671_2.png,N1872850671,2,2017-05-07,11:05:59,153284.8,37.67423597,18.68806972,0.268
188,N1872850671_3.png,N1872850671,3,2017-05-07,11:05:59,123545.97,48.40021582,53.73544821,0.28
189,N1872850671_4.png,N1872850671,4,2017-05-07,11:05:59,282615.27,37.093055,43.56615393,0.196
190,N1872850671_5.png,N1872850671,5,2017-05-07,11:05:59,110832.68,32.48767923,64.90399504,0.424
191,N1872852151_1.png,N1872852151,1,2017-05-07,11:33:19,168666.57,37.44579475,17.65166666,0.26
192,N1872852151_2.png,N1872852151,2,2017-05-07,11:33:19,1374117.15,57.89976313,5.23012341,0.183
193,N1872852151_3.png,N1872852151,3,2017-05-07,11:33:19,411792.33,36.83080907,40.68425089,0.192
194,N1872852151_4.png,N1872852151,4,2017-05-07,11:33:19,150010.81,48.40981593,52.62338128,0.222
195,N1872852151_5.png,N1872852151,5,2017-05-07,11:33:19,836872.83,57.38125527,0.2636663799,0.396
196,N1872852311_1.png,N1872852311,1,2017-05-07,11:35:59,1394210.89,58.43635504,8.670354756,0.211
197,N1872852311_2.png,N1872852311,2,2017-05-07,11:35:59,143844.17,48.50961349,52.63338625,0.269
198,N1872852311_3.png,N1872852311,3,2017-05-07,11:35:59,169438.51,37.21890329,17.55247845,0.295
199,N1872852311_4.png,N1872852311,4,2017-05-07,11:35:59,475679.03,36.50322483,40.13463008,0.2
200,N1872852311_5.png,N1872852311,5,2017-05-07,11:35:59,1103252.14,57.09941581,15.2506942,0.318
201,N1872852471_1.png,N1872852471,1,2017-05-07,11:38:39,1246054.92,58.88263045,9.933854883,0.207
202,N1872852471_2.png,N1872852471,2,2017-05-07,11:38:39,154079.84,48.6230465,52.31965886,0.269
203,N1872852471_3.png,N1872852471,3,2017-05-07,11:38:39,496767.43,36.73261785,40.24983741,0.197
204,N1872852471_4.png,N1872852471,4,2017-05-07,11:38:39,174930.85,37.66461031,18.03695379,0.284
205,N1872852471_5.png,N1872852471,5,2017-05-07,11:38:39,1032790.04,57.42538659,17.24469004,0.319
206,N1872853951_1.png,N1872853951,1,2017-05-07,12:03:19,1259892.81,58.23140854,10.00159391,0.209
207,N1872853951_2.png,N1872853951,2,2017-05-07,12:03:19,142387.05,47.83925163,52.74018391,0.272
208,N1872853951_3.png,N1872853951,3,2017-05-07,12:03:19,513836.85,36.19047495,39.199502,0.195
209,N1872853951_4.png,N1872853951,4,2017-05-07,12:03:19,196122.9,37.07958858,18.82992754,0.267
210,N1872854111_1.png,N1872854111,1,2017-05-07,12:05:59,1218734.95,58.65973393,10.03090565,0.211
211,N1872854111_2.png,N1872854111,2,2017-05-07,12:05:59,155049.47,48.35239875,51.36841926,0.264
212,N1872854111_3.png,N1872854111,3,2017-05-07,12:05:59,553288.56,36.56889443,38.15923751,0.195
213,N1872854111_4.png,N1872854111,4,2017-05-07,12:05:59,182692.66,37.46128104,17.93728216,0.302
214,N1872854111_5.png,N1872854111,5,2017-05-07,12:05:59,834568.81,56.84681187,19.18978159,0.319
215,N1872854271_1.png,N1872854271,1,2017-05-07,12:08:39,1167677.86,58.63297775,10.3245603,0.212
216,N1872854271_2.png,N1872854271,2,2017-05-07,12:08:39,153521.56,48.48810774,51.05381488,0.263
217,N1872854271_3.png,N1872854271,3,2017-05-07,12:08:39,520508.1,36.54228884,38.65175275,0.197
218,N1872854271_4.png,N1872854271,4,2017-05-07,12:08:39,174551.48,37.57899706,18.06235379,0.268
219,N1872855751_1.png,N1872855751,1,2017-05-07,12:33:19,1209916.77,58.45410462,10.02518523,0.233
220,N1872855751_2.png,N1872855751,2,2017-05-07,12:33:19,548161.55,36.70172754,37.55784411,0.193
221,N1872855751_3.png,N1872855751,3,2017-05-07,12:33:19,165502.62,48.15779842,49.55334263,0.252
222,N1872855751_4.png,N1872855751,4,2017-05-07,12:33:19,167423.02,47.96376729,47.5995074,0.198
223,N1872855911_1.png,N1872855911,1,2017-05-07,12:35:59,1213662.16,58.53630006,9.853385237,0.239
224,N1872855911_2.png,N1872855911,2,2017-05-07,12:35:59,558300.28,36.66743681,36.9629993,0.192
225,N1872855911_3.png,N1872855911,3,2017-05-07,12:35:59,164279.57,48.16587514,49.05808897,0.249
226,N1872856071_1.png,N1872856071,1,2017-05-07,12:38:39,1282150.27,58.45831072,9.545021743,0.245
227,N1872856071_2.png,N1872856071,2,2017-05-07,12:38:39,544724.6,36.67781183,36.9409297,0.193
228,N1872856071_3.png,N1872856071,3,2017-05-07,12:38:39,161061.04,48.18947476,48.79541603,0.257
229,N1872856995_1.png,N1872856995,1,2017-05-07,12:54:03,1027285.61,58.72179018,10.16695461,0.235
230,N1872857105_1.png,N1872857105,1,2017-05-07,12:55:53,972299.95,58.51519466,10.85447888,0.231
231,N1872865105_1.png,N1872865105,1,2017-05-07,15:08:54,76202.69,56.01272231,61.77168797,0.365
232,N1872865105_2.png,N1872865105,2,2017-05-07,15:08:54,149614.93,33.80718611,60.04260344,0.379
233,N1872865105_3.png,N1872865105,3,2017-05-07,15:08:54,51107.13,47.43164677,55.02265297,0.47
234,N1872865601_1.png,N1872865601,1,2017-05-07,15:17:10,181905.28,35.15166519,59.35765254,0.359
235,N1872865743_1.png,N1872865743,1,2017-05-07,15:19:32,183350.03,35.25353465,59.51589861,0.355
236,N1872865885_1.png,N1872865885,1,2017-05-07,15:21:54,188910.43,34.92204244,59.59987416,0.359
237,N1872866349_1.png,N1872866349,1,2017-05-07,15:29:56,425084.95,35.17780731,36.55299626,0.27
238,N1872866459_1.png,N1872866459,1,2017-05-07,15:31:46,421314.03,35.21837943,35.85532671,0.266
239,N1872866569_1.png,N1872866569,1,2017-05-07,15:33:36,422261.36,35.15214849,35.62106769,0.263
240,N1872867129_1.png,N1872867129,1,2017-05-07,15:42:56,1135160.93,58.49713828,7.054658846,0.515
241,N1872867129_2.png,N1872867129,2,2017-05-07,15:42:56,438717.74,36.26258716,31.9896432,0.326
242,N1872867129_3.png,N1872867129,3,2017-05-07,15:42:56,124443.12,47.32779357,43.79515908,0.185
243,N1872867129_4.png,N1872867129,4,2017-05-07,15:42:56,128920,47.34185716,44.40172044,0.214
244,N1872867239_1.png,N1872867239,1,2017-05-07,15:44:46,1145846.97,58.77676297,7.128492391,0.522
245,N1872867239_2.png,N1872867239,2,2017-05-07,15:44:46,425719.24,36.48685627,33.090309,0.32
246,N1872867239_3.png,N1872867239,3,2017-05-07,15:44:46,126411.71,47.27451833,43.46150847,0.176
247,N1872867349_1.png,N1872867349,1,2017-05-07,15:46:36,1149005.46,58.65362747,7.260719685,0.529
248,N1872867349_2.png,N1872867349,2,2017-05-07,15:46:36,425267.43,36.06782632,32.79230579,0.334
249,N1872867349_3.png,N1872867349,3,2017-05-07,15:46:36,124603.12,47.03329109,43.64670341,0.178
250,N1872867872_1.png,N1872867872,1,2017-05-07,15:55:19,535073.94,36.29118932,37.92462108,0.245
251,N1872867872_2.png,N1872867872,2,2017-05-07,15:55:19,1236989.32,58.38088558,8.111008837,0.413
252,N1872867872_3.png,N1872867872,3,2017-05-07,15:55:19,115256.62,47.53577911,42.39052073,0.171
253,N1872868032_1.png,N1872868032,1,2017-05-07,15:57:59,542509.33,36.0992211,38.00636377,0.251
254,N1872868032_2.png,N1872868032,2,2017-05-07,15:57:59,1127419.99,58.8807439,8.551770419,0.421
255,N1872868032_3.png,N1872868032,3,2017-05-07,15:57:59,117834.48,47.23875822,43.6900633,0.167
256,N1872868192_1.png,N1872868192,1,2017-05-07,16:00:39,548331.21,36.12145071,37.92716966,0.257
257,N1872868192_2.png,N1872868192,2,2017-05-07,16:00:39,1173064.48,58.60027048,8.080566931,0.407
258,N1872868192_3.png,N1872868192,3,2017-05-07,16:00:39,116158.51,47.40266641,43.56488465,0.162
259,N1872869672_1.png,N1872869672,1,2017-05-07,16:25:19,553815.39,36.30093165,37.37251969,0.264
260,N1872869672_2.png,N1872869672,2,2017-05-07,16:25:19,1198514.75,58.67289975,7.811440303,0.402
261,N1872869672_3.png,N1872869672,3,2017-05-07,16:25:19,125761.42,47.54698996,41.53949172,0.181
262,N1872869832_1.png,N1872869832,1,2017-05-07,16:27:59,559679.9,36.38467169,37.31081205,0.277
263,N1872869832_2.png,N1872869832,2,2017-05-07,16:27:59,1109098.01,58.77808435,8.60013798,0.408
264,N1872869832_3.png,N1872869832,3,2017-05-07,16:27:59,121865.38,47.39995326,42.29511296,0.177
265,N1872869992_1.png,N1872869992,1,2017-05-07,16:30:39,553178.32,36.37522251,36.8249429,0.263
266,N1872869992_2.png,N1872869992,2,2017-05-07,16:30:39,1192780.04,58.41772729,7.768992319,0.418
267,N1872869992_3.png,N1872869992,3,2017-05-07,16:30:39,129031.38,47.50183376,40.88127578,0.191
268,N1872871630_1.png,N1872871630,1,2017-05-07,16:57:49,1027344.79,58.87096936,6.167991785,0.395
269,N1872871740_1.png,N1872871740,1,2017-05-07,16:59:39,1031269.68,58.27770647,5.987782118,0.387
270,N1872871850_1.png,N1872871850,1,2017-05-07,17:01:29,974887.41,58.62739929,6.281079891,0.387
271,N1872875316_1.png,N1872875316,1,2017-05-07,17:59:15,116466.95,57.45428557,336.9951904,1.169
272,N1872875410_1.png,N1872875410,1,2017-05-07,18:01:03,137064.06,57.29123217,335.2310656,1.149
273,N1872875466_1.png,N1872875466,1,2017-05-07,18:01:59,131644.27,57.83674658,337.0356431,1.116
274,N1872879156_1.png,N1872879156,1,2017-05-07,19:03:23,883105.29,58.19567944,9.08888232,0.312
275,N1872879156_2.png,N1872879156,2,2017-05-07,19:03:23,480690.89,36.68773641,32.11970753,0.36
276,N1872879156_3.png,N1872879156,3,2017-05-07,19:03:23,331380.98,48.79985444,12.25684775,0.36
277,N1872879156_4.png,N1872879156,4,2017-05-07,19:03:23,799706.01,57.21020947,9.212208047,0.56
278,N1872879156_5.png,N1872879156,5,2017-05-07,19:03:23,305634.93,39.91176166,26.74791078,0.423
279,N1872879316_1.png,N1872879316,1,2017-05-07,19:06:03,762304.52,38.00746113,21.04973521,0.368
280,N1872879316_2.png,N1872879316,2,2017-05-07,19:06:03,926844.79,58.20742485,8.393507686,0.319
281,N1872879316_3.png,N1872879316,3,2017-05-07,19:06:03,390824.57,48.49085969,10.27100762,0.341
282,N1872879316_4.png,N1872879316,4,2017-05-07,19:06:03,872710.71,57.36207794,8.984182547,0.577
283,N1872879316_5.png,N1872879316,5,2017-05-07,19:06:03,554576.15,38.8491604,12.25243711,0.411
284,N1872879476_1.png,N1872879476,1,2017-05-07,19:08:43,477534.77,36.74121971,31.79755941,0.364
285,N1872879476_2.png,N1872879476,2,2017-05-07,19:08:43,878386.13,58.26914124,8.957575235,0.304
286,N1872879476_3.png,N1872879476,3,2017-05-07,19:08:43,484019.92,48.33559728,8.353463762,0.365
287,N1872879476_4.png,N1872879476,4,2017-05-07,19:08:43,91067.45,55.17077561,37.69943045,0.636
288,N1872890076_1.png,N1872890076,1,2017-05-07,22:05:23,616668.34,37.86619552,7.999190478,0.559
289,N1872890076_2.png,N1872890076,2,2017-05-07,22:05:23,1118732.03,58.42212134,5.298752683,0.534
290,N1872890076_3.png,N1872890076,3,2017-05-07,22:05:23,440552.87,47.91490088,2.227650191,0.669
291,N1872890076_4.png,N1872890076,4,2017-05-07,22:05:23,103045.54,57.14992189,47.92275926,0.315
292,N1872890076_5.png,N1872890076,5,2017-05-07,22:05:23,844082.28,57.81286608,3.937492839,0.734
293,N1872890236_1.png,N1872890236,1,2017-05-07,22:08:03,604937.48,37.62538662,8.245181672,0.541
294,N1872890236_2.png,N1872890236,2,2017-05-07,22:08:03,1092012.71,58.26788986,5.876894376,0.54
295,N1872890236_3.png,N1872890236,3,2017-05-07,22:08:03,426565.76,47.76999495,2.71027585,0.68
296,N1872890236_4.png,N1872890236,4,2017-05-07,22:08:03,173187.4,58.09353527,28.64293847,0.312
297,N1872890236_5.png,N1872890236,5,2017-05-07,22:08:03,869240.1,57.23979401,3.17793526,0.746
298,N1872890396_1.png,N1872890396,1,2017-05-07,22:10:43,691679.88,37.53029849,7.112547014,0.565
299,N1872890396_2.png,N1872890396,2,2017-05-07,22:10:43,1136587.12,58.17311085,5.482326265,0.57
300,N1872890396_3.png,N1872890396,3,2017-05-07,22:10:43,415855.08,47.57544881,2.262869859,0.701
301,N1872890396_4.png,N1872890396,4,2017-05-07,22:10:43,116087.91,56.86392703,45.61715606,0.336
302,N1872890396_5.png,N1872890396,5,2017-05-07,22:10:43,791342.25,55.16417773,1.609842454,0.87
303,N1872891876_1.png,N1872891876,1,2017-05-07,22:35:23,522504.31,37.65648172,8.519215619,0.589
304,N1872891876_2.png,N1872891876,2,2017-05-07,22:35:23,1072235.22,58.0383379,5.637213608,0.594
305,N1872891876_3.png,N1872891876,3,2017-05-07,22:35:23,351554.95,47.49532846,1.928668802,0.72
306,N1872891876_4.png,N1872891876,4,2017-05-07,22:35:23,907600.95,57.05470182,3.579251622,0.79
307,N1872891876_5.png,N1872891876,5,2017-05-07,22:35:23,202318.54,57.40882277,28.38505288,0.311
308,N1872892036_1.png,N1872892036,1,2017-05-07,22:38:03,630504.81,38.07471563,6.994526439,0.598
309,N1872892036_2.png,N1872892036,2,2017-05-07,22:38:03,1126185.62,58.44503782,5.245809348,0.613
310,N1872892036_3.png,N1872892036,3,2017-05-07,22:38:03,372453.45,47.87152374,1.673712508,0.715
311,N1872892036_4.png,N1872892036,4,2017-05-07,22:38:03,860378.82,57.43979582,3.569483665,0.795
312,N1872892036_5.png,N1872892036,5,2017-05-07,22:38:03,303819.75,57.56798041,18.60972145,0.347
313,N1872892196_1.png,N1872892196,1,2017-05-07,22:40:43,647690.46,37.59681415,6.97606982,0.598
314,N1872892196_2.png,N1872892196,2,2017-05-07,22:40:43,1114118.99,57.84931191,5.484098879,0.604
315,N1872892196_3.png,N1872892196,3,2017-05-07,22:40:43,324264.34,47.47984929,1.872560559,0.732
316,N1872892196_4.png,N1872892196,4,2017-05-07,22:40:43,575334.53,56.8501767,11.8188212,0.375
317,N1872892196_5.png,N1872892196,5,2017-05-07,22:40:43,888532.9,56.95016327,3.629012667,0.784
318,N1872893676_1.png,N1872893676,1,2017-05-07,23:05:23,1046522.88,58.02784126,4.703752581,0.632
319,N1872893676_2.png,N1872893676,2,2017-05-07,23:05:23,415683.3,47.74827808,0.9735908265,0.822
320,N1872893676_3.png,N1872893676,3,2017-05-07,23:05:23,592006.19,37.80612552,5.505404927,0.662
321,N1872893676_4.png,N1872893676,4,2017-05-07,23:05:23,235876.56,43.44505331,4.025156564,1.105
322,N1872893676_5.png,N1872893676,5,2017-05-07,23:05:23,907003.07,57.47816206,3.229526266,0.863
323,N1872893836_1.png,N1872893836,1,2017-05-07,23:08:03,393408.63,47.39138767,0.8046732912,0.843
324,N1872893836_2.png,N1872893836,2,2017-05-07,23:08:03,1144005.77,57.95291401,5.013032823,0.643
325,N1872893836_3.png,N1872893836,3,2017-05-07,23:08:03,639829.93,37.60885072,3.93786116,0.718
326,N1872893836_4.png,N1872893836,4,2017-05-07,23:08:03,497913.82,38.81363643,4.717052314,0.727
327,N1872893836_5.png,N1872893836,5,2017-05-07,23:08:03,746557.93,53.76456728,90.02470393,1.317
328,N1872893996_1.png,N1872893996,1,2017-05-07,23:10:43,390831.53,47.52742835,0.7645389555,0.855
329,N1872893996_2.png,N1872893996,2,2017-05-07,23:10:43,567956.53,37.17930196,3.897481952,0.762
330,N1872893996_3.png,N1872893996,3,2017-05-07,23:10:43,1129287.83,57.51961788,4.965313963,0.628
331,N1872893996_4.png,N1872893996,4,2017-05-07,23:10:43,500875.72,38.69991033,3.785927766,0.758
332,N1872895476_1.png,N1872895476,1,2017-05-07,23:35:23,392842.82,47.75430202,0.3818295438,1
333,N1872895476_2.png,N1872895476,2,2017-05-07,23:35:23,484178.79,37.71086931,4.086544279,0.822
334,N1872895476_3.png,N1872895476,3,2017-05-07,23:35:23,1089948.05,57.86693297,4.794921311,0.661
335,N1872895476_4.png,N1872895476,4,2017-05-07,23:35:23,379271.64,45.96489084,1.87476767,1.576
336,N1872895636_1.png,N1872895636,1,2017-05-07,23:38:03,499331.36,37.82671343,3.762570895,0.821
337,N1872895636_2.png,N1872895636,2,2017-05-07,23:38:03,425156.99,47.85520791,269.930077,1.03
338,N1872895636_3.png,N1872895636,3,2017-05-07,23:38:03,1162539.24,57.99599011,4.564762305,0.716
339,N1872895636_4.png,N1872895636,4,2017-05-07,23:38:03,536036.14,41.71524689,3.524070284,1.457
340,N1872895796_1.png,N1872895796,1,2017-05-07,23:40:43,419323.39,46.88605431,90.02700421,0.954
341,N1872895796_2.png,N1872895796,2,2017-05-07,23:40:43,469948.28,37.1452196,3.623864124,0.811
342,N1872895796_3.png,N1872895796,3,2017-05-07,23:40:43,1195901.58,57.30645443,4.045401826,0.672
343,N1872895796_4.png,N1872895796,4,2017-05-07,23:40:43,474294.32,41.88931543,3.267515979,1.559
344,N1872896736_1.png,N1872896736,1,2017-05-07,23:56:15,1023370.36,56.6550879,1.319803312,0.892
345,N1872896846_1.png,N1872896846,1,2017-05-07,23:58:05,1142994.06,56.67174457,1.496708381,0.893
346,N1872896956_1.png,N1872896956,1,2017-05-07,23:59:55,1151379.8,56.35980649,0.8529872338,0.864
347,N1872900516_1.png,N1872900516,1,2017-05-08,00:59:15,1154503.07,55.61415046,357.5582514,1.385
348,N1872900626_1.png,N1872900626,1,2017-05-08,01:01:05,1080875.44,56.04207057,357.2226457,1.421
349,N1872900736_1.png,N1872900736,1,2017-05-08,01:02:55,909745.39,56.44014207,356.6236062,1.426
350,N1872904476_1.png,N1872904476,1,2017-05-08,02:05:15,1305748.16,57.69341523,0.1705118463,1.289
351,N1872904476_2.png,N1872904476,2,2017-05-08,02:05:15,27985.59,38.35884857,14.77728325,1.068
352,N1872904636_1.png,N1872904636,1,2017-05-08,02:07:55,1288698.06,57.38600294,0.1968531149,1.288
353,N1872904636_2.png,N1872904636,2,2017-05-08,02:07:55,25541.8,38.18330166,14.67560282,1.164
354,N1872904796_1.png,N1872904796,1,2017-05-08,02:37:55,1236835.2,57.37974687,359.776254,1.306
355,N1872904796_2.png,N1872904796,2,2017-05-08,02:37:55,26610.22,38.23146229,14.51666767,1.176
356,N1872906276_1.png,N1872906276,1,2017-05-08,02:40:35,1204076.55,57.90541992,180.027928,1.36
357,N1872906276_2.png,N1872906276,2,2017-05-08,02:40:35,24538.43,38.65327968,15.24002267,1.222
358,N1872906436_1.png,N1872906436,1,2017-05-08,02:37:55,1196091.86,58.34083718,359.7633067,1.461
359,N1872906436_2.png,N1872906436,2,2017-05-08,02:37:55,26095.56,38.81563858,15.51212137,1.258
360,N1872906596_1.png,N1872906596,1,2017-05-08,02:40:35,1165994.31,58.14292291,359.6984281,1.498
361,N1872906596_2.png,N1872906596,2,2017-05-08,02:40:35,26503.74,38.88695434,14.61379008,1.246
362,N1872908076_1.png,N1872908076,1,2017-05-08,03:05:15,1141294.5,57.32458605,358.9098574,1.562
363,N1872908076_2.png,N1872908076,2,2017-05-08,03:05:15,25848.3,38.05430689,14.30987957,1.462
364,N1872908236_1.png,N1872908236,1,2017-05-08,03:07:55,1289271.05,57.14967783,359.1737472,1.613
365,N1872908236_2.png,N1872908236,2,2017-05-08,03:07:55,26126.65,38.02787386,14.03154365,1.382
366,N1872908396_1.png,N1872908396,1,2017-05-08,03:10:35,1195663.24,57.62198544,359.1350219,1.622
367,N1872908396_2.png,N1872908396,2,2017-05-08,03:10:35,25117.36,38.46079971,14.06049381,1.434
368,N1872909876_1.png,N1872909876,1,2017-05-08,03:35:15,1203015.71,58.09988028,358.6680962,1.971
369,N1872909876_2.png,N1872909876,2,2017-05-08,03:35:15,23075.31,38.73124683,14.78431874,1.641
370,N1872910036_1.png,N1872910036,1,2017-05-08,03:37:55,1268918.64,58.27176299,358.9748866,2.006
371,N1872910036_2.png,N1872910036,2,2017-05-08,03:37:55,22271.11,38.9031161,14.15349912,1.684
372,N1872910196_1.png,N1872910196,1,2017-05-08,03:40:35,1243184.82,58.74009201,358.9898902,2.018
373,N1872910196_2.png,N1872910196,2,2017-05-08,03:40:35,22874.01,39.19396689,15.21793819,1.692
374,N1872911676_1.png,N1872911676,1,2017-05-08,04:05:15,1221954.62,58.90204721,358.7915758,2.336
375,N1872911676_2.png,N1872911676,2,2017-05-08,04:05:15,24624.34,39.42512988,14.61039118,1.938
376,N1872911836_1.png,N1872911836,1,2017-05-08,04:07:55,1147448.54,57.42691435,0.1900799393,2.281
377,N1872911996_1.png,N1872911996,1,2017-05-08,04:10:35,1367075.97,55.89165376,358.9661856,2.325
378,N1872913776_1.png,N1872913776,1,2017-05-08,04:40:15,1330338.81,57.55585831,0.6227477349,2.608
379,N1872913886_1.png,N1872913886,1,2017-05-08,04:42:05,1256284.59,57.63695257,0.2760516669,2.928
380,N1872913996_1.png,N1872913996,1,2017-05-08,04:43:55,1232410.08,58.63454275,0.1677653139,2.95
381,N1872917556_1.png,N1872917556,1,2017-05-08,05:43:15,1029203.39,58.64945031,1.162433975,6.041
382,N1872917666_1.png,N1872917666,1,2017-05-08,05:45:05,1090685.19,58.59755874,0.948868087,5.9
383,N1872917776_1.png,N1872917776,1,2017-05-08,05:46:55,1060199.42,58.69873118,1.592297665,5.66
384,N1872921516_1.png,N1872921516,1,2017-05-08,06:49:15,855341.61,57.0616541,6.143983466,3.122
385,N1872921610_1.png,N1872921610,1,2017-05-08,06:51:03,1349931.79,57.38915127,3.242651226,3.222
386,N1873496764_1.png,N1873496764,1,2017-05-14,22:37:07,83511979.83,78.83028704,311.736479,0.874
387,N1874240424_1.png,N1874240424,1,2017-05-23,13:11:09,69242.21,14.19945411,17.63172571,0.628
388,N1874240496_1.png,N1874240496,1,2017-05-23,13:12:21,79182.4,14.01006787,18.1520094,0.593
389,N1875608833_1.png,N1875608833,1,2017-06-08,09:17:49,8430.19,56.28360192,35.10187264,1.423
390,N1875647213_1.png,N1875647213,1,2017-06-08,19:57:23,113692.56,54.92653439,31.31441659,0.868
391,N1875647373_1.png,N1875647373,1,2017-06-08,20:00:03,112969.89,55.31002633,31.37232257,0.857
392,N1875647533_1.png,N1875647533,1,2017-06-08,20:02:43,116409.69,55.23492982,31.26214053,0.831
393,N1875648053_1.png,N1875648053,1,2017-06-08,20:11:15,106820.58,55.89890955,46.34588268,1.711
394,N1875648213_1.png,N1875648213,1,2017-06-08,20:13:55,102919.02,56.35512485,46.53501746,1.656
395,N1875648373_1.png,N1875648373,1,2017-06-08,20:16:43,93713.54,56.24697732,47.61749975,1.677
396,N1875648373_2.png,N1875648373,2,2017-06-08,20:16:43,124961.32,58.99382433,63.90098193,3.405
397,N1875652733_1.png,N1875652733,1,2017-06-08,21:29:15,74427.56,58.47570399,41.70071488,1.336
398,N1875652733_2.png,N1875652733,2,2017-06-08,21:29:15,81441.97,58.84401007,48.62606057,1.672
399,N1875653333_1.png,N1875653333,1,2017-06-08,21:39:15,153264.13,57.44820692,29.43012397,0.893
400,N1875653333_2.png,N1875653333,2,2017-06-08,21:39:15,40077.66,58.25500951,44.11972867,1.159
401,N1875653333_3.png,N1875653333,3,2017-06-08,21:39:15,73601.27,58.36080583,49.88032038,1.365
402,N1875653933_1.png,N1875653933,1,2017-06-08,21:49:23,138876.79,56.86455956,21.93580713,0.524
403,N1875665243_1.png,N1875665243,1,2017-06-09,00:57:45,175968.55,57.88584953,30.50455975,0.537
404,N1875666143_1.png,N1875666143,1,2017-06-09,01:12:53,125293.93,57.63470819,20.21330783,0.237
405,N1875670733_1.png,N1875670733,1,2017-06-09,02:29:14,262410.36,57.56045239,30.08663835,0.344
406,N1875670893_1.png,N1875670893,1,2017-06-09,02:31:54,539870.58,58.50056376,14.56492315,0.335
407,N1875671053_1.png,N1875671053,1,2017-06-09,02:34:34,350932.19,58.22177688,23.05246883,0.345
408,N1875671573_1.png,N1875671573,1,2017-06-09,02:43:14,789992.56,57.31312107,358.6214641,0.456
409,N1875671733_1.png,N1875671733,1,2017-06-09,02:45:54,763506.17,57.27363899,358.6443065,0.442
410,N1875671733_2.png,N1875671733,2,2017-06-09,02:45:54,611446.39,57.3854909,0.4907447622,0.427
411,N1875671893_1.png,N1875671893,1,2017-06-09,02:48:34,802850.09,57.07174576,358.6211805,0.461
412,N1875675144_1.png,N1875675144,1,2017-06-09,03:42:53,19400.84,57.23793648,50.97013985,0.569
413,N1875676028_1.png,N1875676028,1,2017-06-09,03:57:43,21806.82,57.48739702,50.01465385,0.509
414,N1875679644_1.png,N1875679644,1,2017-06-09,04:57:53,248249.36,58.16857305,24.61458975,0.427
415,N1875680544_1.png,N1875680544,1,2017-06-09,05:12:45,112662.43,57.85948651,27.73109192,0.45
416,N1875680544_2.png,N1875680544,2,2017-06-09,05:12:45,333077.44,58.93042487,8.468001381,0.469
417,N1875682344_1.png,N1875682344,1,2017-06-09,05:42:45,752623.83,55.80830055,3.370782714,0.61
418,N1875682344_2.png,N1875682344,2,2017-06-09,05:42:45,625764.53,56.20125239,4.68169654,0.609
419,N1875685134_1.png,N1875685134,1,2017-06-09,06:29:15,305835.95,56.89739693,9.952248203,0.549
420,N1875685134_2.png,N1875685134,2,2017-06-09,06:29:15,568294.83,56.14873986,5.135336925,0.527
421,N1878409183_1.png,N1878409183,1,2017-07-10,19:09:37,182767.67,59.16278826,118.1173226,2.548
422,N1878409183_2.png,N1878409183,2,2017-07-10,19:09:37,125546.42,60.12846982,124.5629511,2.992
423,N1878409183_3.png,N1878409183,3,2017-07-10,19:09:37,50355.39,58.83815038,97.55558544,2.29
424,N1878409375_1.png,N1878409375,1,2017-07-10,19:12:49,187560.7,59.63866251,117.8668032,2.655
425,N1878409375_2.png,N1878409375,2,2017-07-10,19:12:49,107221.68,60.44578929,124.3275681,3.957
426,N1878409567_1.png,N1878409567,1,2017-07-10,19:16:01,188073.69,59.78617638,119.0433562,2.724
427,N1878410051_1.png,N1878410051,1,2017-07-10,19:24:15,2691.99,58.63195246,72.90779668,1.333
428,N1878410211_1.png,N1878410211,1,2017-07-10,19:26:55,2940.91,58.65963658,73.14749677,1.273
429,N1878410371_1.png,N1878410371,1,2017-07-10,19:29:35,2638.23,58.76875756,72.75213308,1.333
430,N1878410891_1.png,N1878410891,1,2017-07-10,19:38:23,3351,30.43194418,33.04652242,0.917
431,N1878411051_1.png,N1878411051,1,2017-07-10,19:41:03,3695.21,30.35399601,33.34193183,0.92
432,N1878411211_1.png,N1878411211,1,2017-07-10,19:43:43,3820.26,30.37652493,33.5920243,0.92
433,N1878427063_1.png,N1878427063,1,2017-07-11,00:07:37,236086.35,58.82977342,124.9754779,2.779
434,N1878427205_1.png,N1878427205,1,2017-07-11,00:09:59,233386.3,58.78218454,125.6242216,2.934
435,N1878427315_1.png,N1878427315,1,2017-07-11,00:11:59,206590.23,59.08512045,125.4822948,3.114
436,N1878435131_1.png,N1878435131,1,2017-07-11,02:22:15,9330.33,66.72711142,63.59303772,0.9
437,N1878435291_1.png,N1878435291,1,2017-07-11,02:24:55,9604.14,66.7814343,63.86357098,0.902
438,N1878442271_1.png,N1878442271,1,2017-07-11,04:21:23,16892.5,56.89548952,72.66234117,0.867
439,N1878442271_2.png,N1878442271,2,2017-07-11,04:21:23,13216.24,64.30318309,71.62563606,0.802
440,N1878442271_3.png,N1878442271,3,2017-07-11,04:21:23,16233.83,60.26209793,74.92566753,1.494
441,N1878454811_1.png,N1878454811,1,2017-07-11,07:50:15,29592.51,63.55441191,92.16133724,1
442,N1878454811_2.png,N1878454811,2,2017-07-11,07:50:15,312087.13,54.1671723,2.303860622,1.512
443,N1878454811_3.png,N1878454811,3,2017-07-11,07:50:15,375300.65,54.54573251,1.216340284,1.512
444,N1878454971_1.png,N1878454971,1,2017-07-11,07:52:55,27364.5,63.50915895,93.58996138,1.066
445,N1878454971_2.png,N1878454971,2,2017-07-11,07:52:55,407591.37,54.60192445,1.565659819,1.57
446,N1878454971_3.png,N1878454971,3,2017-07-11,07:52:55,423244.11,54.94676134,0.9522829399,2.299
447,N1878455131_1.png,N1878455131,1,2017-07-11,07:55:35,28367.47,63.47132686,93.83051777,1.101
448,N1878455131_2.png,N1878455131,2,2017-07-11,07:55:35,348649.97,54.45261569,1.941222969,1.543
449,N1878455131_3.png,N1878455131,3,2017-07-11,07:55:35,415852.71,54.70299605,1.20852016,1.506
450,N1878455741_1.png,N1878455741,1,2017-07-11,08:05:45,33743.93,64.04064531,91.27022753,1.072
451,N1878455741_2.png,N1878455741,2,2017-07-11,08:05:45,394092.71,54.24727004,3.168574558,1.381
452,N1878455851_1.png,N1878455851,1,2017-07-11,08:07:35,34239.48,64.11619148,90.45939455,1.03
453,N1878455851_2.png,N1878455851,2,2017-07-11,08:07:35,489571.27,54.29774023,2.145789754,1.51
454,N1878455961_1.png,N1878455961,1,2017-07-11,08:09:25,31156.3,64.46838825,89.37107755,1.083
455,N1878455961_2.png,N1878455961,2,2017-07-11,08:09:25,373963.37,53.98917312,3.016112748,1.413
456,N1879811097_1.png,N1879811097,1,2017-07-27,00:34:52,14876.12,25.35463094,342.382835,2.062
457,N1879812172_1.png,N1879812172,1,2017-07-27,00:52:47,19243.07,21.64307966,342.6049331,1.652
458,N1881167309_1.png,N1881167309,1,2017-08-11,17:18:15,479300.47,57.89070318,5.543693128,0.324
459,N1881167309_2.png,N1881167309,2,2017-08-11,17:18:15,203655.45,57.98700357,90.06080166,1.176
460,N1881167469_1.png,N1881167469,1,2017-08-11,17:20:55,284581.77,58.13755712,10.52523573,0.276
461,N1881167629_1.png,N1881167629,1,2017-08-11,17:23:35,367344.21,58.28729351,7.149284766,0.312